data;id;command
2022-03-16;1380345181;er
2022-03-16;1380345181;eth
2022-03-16;1380345181;фуке
2022-03-16;1380345181;фуке
2022-03-16;1380345181;ка
2022-03-16;1380345181;Stasistika 1 userlist
2022-03-16;1380345181;Stasistika 1 userlist
2022-03-16;1380345181;Stasistika 1 userlist
2022-03-16;1380345181;Stasistika 1 userlist
2022-03-16;1380345181;Dda_rekl
2022-03-16;1380345181;Dda_rekl
2022-03-16;1380345181;Dda_rekl
2022-03-16;1380345181;Dda_rekl <i>Add reklama!!!! </i>
2022-03-16;1380345181;Dda_rekl <i>Add reklama!!!! </i>
2022-03-16;1380345181;Dda_rekl_test <i>Add reklama!!!! </i>
2022-03-16;1380345181;Dda_rekl_test <i>Add test rekl!!!! </i>
2022-03-16;1380345181;Dda__test <i>Add reklama!!!! </i>
2022-03-16;1380345181;Dda_test <i>Add reklama!!!! </i>
2022-03-16;1380345181;Dda_test <i>Add test!!!! </i>
2022-03-23;1380345181;Jdjf
2022-03-23;1380345181;79615070426
2022-03-23;1380345181;79615070426 url
2022-03-23;1380345181;79615070426 url
2022-03-23;1380345181;79615070426 url
2022-07-26;1380345181;+7(961)5070-426
2022-07-26;1380345181;8961-50-70-426 саша
2022-07-26;1380345181;8961-50-70-426 саша
2022-07-26;1380345181;8961-50-70-426 саша
2022-07-26;1380345181;8961-50-70-426 саша
2022-07-26;1380345181;8961-50-70-426 саша
2022-07-26;1380345181;8961-50-70-426 саша
2022-07-26;1380345181;8961-50-70-426 саша
2022-07-26;1380345181;324523564256
2022-07-26;1380345181;89615070426 цып
2022-07-26;1380345181;79054033494 насик
2022-07-27;1380345181;/start
2022-07-27;1380345181;спитомин
2022-07-27;1380345181;/start
2022-07-27;1380345181;спитомин
2022-07-27;1380345181;спитомин
2022-07-27;1380345181;спитомин
2022-07-27;1380345181;спитомин
2022-07-27;1380345181;dzfb
2022-07-27;1380345181;спитомин
2022-07-27;1380345181;спитомин
2022-07-27;1380345181;спитомин
2022-07-27;1380345181;спитомин
2022-08-05;1380345181;вва
2022-08-05;1380345181;фкупм
2022-08-05;1380345181;спитомин
2022-08-05;1380345181;мебеверин
2022-08-05;1380345181;мебеверин
2022-08-05;1380345181;мебеверин
2022-08-05;1380345181;мебеверин
2022-08-05;1380345181;мебеверин
2022-08-05;1380345181;мебеверин
2022-08-05;1380345181;мебеверин
2022-08-05;1380345181;мебеверин
2022-08-05;1380345181;мебеверин
2022-08-05;1380345181;мебеверин
2022-08-05;1380345181;мебеверин
2022-08-05;1380345181;мебеверин
2022-08-05;1380345181;мебеверин
2022-08-05;1380345181;мебеверин
2022-08-05;1380345181;мебеверин
2022-08-05;1380345181;спитомин
2022-08-05;1380345181;Stasistika 1 пользователи
2022-08-05;1380345181;Stasistika 1 пользователи
2022-08-05;1380345181;мебеверин
2022-08-05;1380345181;спитомин
2022-08-05;1380345181;буспирон
2022-08-05;1380345181;буспирон
2022-08-05;1380345181;буспирон
2022-08-05;1380345181;буспирон
2022-08-05;1380345181;анальгин
2022-08-05;1380345181;анальгин
2022-08-05;1380345181;буспирон
2022-08-05;1380345181;буспирон
2022-08-05;1380345181;аспирин
2022-08-05;1380345181;Аспирин
2022-08-05;1380345181;Аспирин Экспрес
2022-08-05;1380345181;анальгин
2022-08-05;1380345181;аспирин
2022-08-05;1380345181;Аспирин-С
2022-08-05;1380345181;/start
2022-08-05;1380345181;Анальгин
2022-08-05;1380345181;Анальгин
2022-08-05;1380345181;Анальгин 5
2022-08-05;1380345181;Анальгин
2022-08-05;1380345181;Анальгин 5
2022-08-05;1380345181;Анальгин 5
2022-08-05;1380345181;Анальгин 5
2022-08-05;1380345181;Анальгин 5
2022-08-05;1380345181;Анальгин 5
2022-08-05;1380345181;Анальгин 2
2022-08-05;1380345181;Анальгин 1
2022-08-05;1380345181;/start
2022-08-05;1380345181;/start
2022-08-05;1380345181;Анальгин 1
2022-08-05;1380345181;Анальгин
